5.40,29.59,1.20,0,00:13:ce:8f:77:43,-61.73,00:13:ce:97:78:79,-77.1,00:13:ce:8f:78:d9,-27.4,00:13:ce:95:de:7e,-74.16,00:13:ce:95:e1:6f,-56.42

4.20,29.59,1.20,0,00:13:ce:95:e1:6f,-52.49,00:13:ce:8f:78:d9,-26.32,00:13:ce:8f:77:43,-65.24,00:13:ce:97:78:79,-79.66,00:13:ce:95:de:7e,-74.36

3.00,29.59,1.20,0,00:13:ce:97:78:79,-75.78,00:13:ce:95:de:7e,-72.92,00:13:ce:8f:77:43,-61.63,00:13:ce:95:e1:6f,-54.06,00:13:ce:8f:78:d9,-27.83

1.80,29.59,1.20,0,00:13:ce:95:e1:6f,-52.31,00:13:ce:95:de:7e,-72.67,00:13:ce:8f:77:43,-61.08,00:13:ce:97:78:79,-82.3,00:13:ce:8f:78:d9,-30.61

5.40,30.59,1.20,0,00:13:ce:95:e1:6f,-55.99,00:13:ce:8f:78:d9,-33.9,00:13:ce:8f:77:43,-67.96,00:13:ce:95:de:7e,-73.13,00:13:ce:97:78:79,-84.0

4.20,30.59,1.20,0,00:13:ce:95:e1:6f,-52.95,00:13:ce:8f:78:d9,-28.13,00:13:ce:8f:77:43,-65.64,00:13:ce:95:de:7e,-71.02,00:13:ce:97:78:79,-75.57

3.00,30.59,1.20,0,00:13:ce:97:78:79,-77.97,00:13:ce:8f:77:43,-63.77,00:13:ce:8f:78:d9,-29.31,00:13:ce:95:e1:6f,-51.42,00:13:ce:95:de:7e,-69.32

1.80,30.59,1.20,0,00:13:ce:95:e1:6f,-52.8,00:13:ce:8f:78:d9,-30.85,00:13:ce:97:78:79,-79.65,00:13:ce:8f:77:43,-62.48,00:13:ce:95:de:7e,-70.59

5.40,31.59,1.20,0,00:13:ce:95:e1:6f,-56.43,00:13:ce:8f:77:43,-63.34,00:13:ce:8f:78:d9,-31.4,00:13:ce:95:de:7e,-72.52,00:13:ce:97:78:79,-75.9

4.20,31.59,1.20,0,00:13:ce:8f:78:d9,-34.9,00:13:ce:95:e1:6f,-57.49,00:13:ce:8f:77:43,-65.18,00:13:ce:97:78:79,-77.47,00:13:ce:95:de:7e,-72.24

3.00,31.59,1.20,0,00:13:ce:8f:77:43,-64.79,00:13:ce:8f:78:d9,-34.66,00:13:ce:95:e1:6f,-57.16

1.80,31.59,1.20,0,00:13:ce:8f:78:d9,-35.67,00:13:ce:8f:77:43,-66.44,00:13:ce:95:e1:6f,-55.33

5.40,26.04,1.20,0,00:13:ce:8f:78:d9,-32.08,00:13:ce:8f:77:43,-62.65,00:13:ce:95:e1:6f,-53.6,00:13:ce:95:de:7e,-69.91,00:13:ce:97:78:79,-80.37

4.20,26.04,1.20,0,00:13:ce:95:de:7e,-67.15,00:13:ce:8f:77:43,-62.64,00:13:ce:97:78:79,-78.77,00:13:ce:8f:78:d9,-31.5,00:13:ce:95:e1:6f,-49.62

3.00,26.04,1.20,0,00:13:ce:95:e1:6f,-48.56,00:13:ce:8f:78:d9,-40.28,00:13:ce:8f:77:43,-61.33,00:13:ce:95:de:7e,-71.59,00:13:ce:97:78:79,-81.88

1.80,26.04,1.20,0,00:13:ce:95:e1:6f,-49.84,00:13:ce:8f:77:43,-61.63,00:13:ce:8f:78:d9,-37.21,00:13:ce:95:de:7e,-70.04,00:13:ce:97:78:79,-79.31

5.40,27.04,1.20,0,00:13:ce:95:de:7e,-74.33,00:13:ce:8f:77:43,-69.35,00:13:ce:8f:78:d9,-35.44,00:13:ce:95:e1:6f,-53.75,00:13:ce:97:78:79,-78.99

4.20,27.04,1.20,0,00:13:ce:95:e1:6f,-53.19,00:13:ce:8f:77:43,-65.73,00:13:ce:8f:78:d9,-34.16,00:13:ce:95:de:7e,-70.0,00:13:ce:97:78:79,-74.54

3.00,27.04,1.20,0,00:13:ce:97:78:79,-80.16,00:13:ce:95:e1:6f,-48.35,00:13:ce:8f:78:d9,-34.91,00:13:ce:8f:77:43,-59.73,00:13:ce:95:de:7e,-68.95

1.80,27.04,1.20,0,00:13:ce:95:e1:6f,-49.09,00:13:ce:95:de:7e,-68.32,00:13:ce:8f:78:d9,-35.91,00:13:ce:8f:77:43,-62.52,00:13:ce:97:78:79,-79.7

5.40,28.04,1.20,0,00:13:ce:95:de:7e,-68.06,00:13:ce:97:78:79,-79.54,00:13:ce:95:e1:6f,-50.4,00:13:ce:8f:78:d9,-26.78,00:13:ce:8f:77:43,-65.08

4.20,28.04,1.20,0,00:13:ce:8f:77:43,-65.58,00:13:ce:95:e1:6f,-53.89,00:13:ce:8f:78:d9,-37.63,00:13:ce:95:de:7e,-77.27

3.00,28.04,1.20,0,00:13:ce:8f:78:d9,-35.43,00:13:ce:95:e1:6f,-51.97,00:13:ce:8f:77:43,-56.59,00:13:ce:95:de:7e,-71.39,00:13:ce:97:78:79,-81.95

1.80,28.04,1.20,0,00:13:ce:95:de:7e,-69.72,00:13:ce:8f:77:43,-61.98,00:13:ce:95:e1:6f,-53.4,00:13:ce:8f:78:d9,-37.64,00:13:ce:97:78:79,-82.78

5.40,22.43,1.20,0,00:13:ce:97:78:79,-65.03,00:13:ce:95:de:7e,-66.94,00:13:ce:8f:78:d9,-39.52,00:13:ce:95:e1:6f,-49.82,00:13:ce:8f:77:43,-57.8

4.20,22.43,1.20,0,00:13:ce:8f:78:d9,-38.66,00:13:ce:8f:77:43,-59.46,00:13:ce:97:78:79,-72.97,00:13:ce:95:e1:6f,-51.72,00:13:ce:95:de:7e,-70.2

3.00,22.43,1.20,0,00:13:ce:97:78:79,-75.16,00:13:ce:8f:77:43,-61.22,00:13:ce:95:e1:6f,-53.41,00:13:ce:8f:78:d9,-38.24,00:13:ce:95:de:7e,-68.58

1.80,22.43,1.20,0,00:13:ce:97:78:79,-77.98,00:13:ce:95:e1:6f,-52.03,00:13:ce:8f:77:43,-54.39,00:13:ce:8f:78:d9,-40.95,00:13:ce:95:de:7e,-66.37

5.40,23.43,1.20,0,00:13:ce:8f:78:d9,-36.04,00:13:ce:95:e1:6f,-55.31,00:13:ce:8f:77:43,-58.42,00:13:ce:95:de:7e,-67.26

4.20,23.43,1.20,0,00:13:ce:95:e1:6f,-52.51,00:13:ce:8f:78:d9,-39.05,00:13:ce:8f:77:43,-60.8,00:13:ce:95:de:7e,-65.44,00:13:ce:97:78:79,-79.01

3.00,23.43,1.20,0,00:13:ce:95:e1:6f,-50.93,00:13:ce:95:de:7e,-65.96,00:13:ce:8f:78:d9,-38.38,00:13:ce:8f:77:43,-59.63,00:13:ce:97:78:79,-74.07

1.80,23.43,1.20,0,00:13:ce:95:e1:6f,-54.6,00:13:ce:8f:78:d9,-41.84,00:13:ce:8f:77:43,-60.47,00:13:ce:95:de:7e,-66.88,00:13:ce:97:78:79,-78.87

5.40,24.43,1.20,0,00:13:ce:97:78:79,-79.83,00:13:ce:95:e1:6f,-57.62,00:13:ce:8f:78:d9,-35.25,00:13:ce:8f:77:43,-58.03,00:13:ce:95:de:7e,-65.96

4.20,24.43,1.20,0,00:13:ce:97:78:79,-80.99,00:13:ce:8f:77:43,-60.25,00:13:ce:95:e1:6f,-54.96,00:13:ce:95:de:7e,-67.79,00:13:ce:8f:78:d9,-38.8

3.00,24.43,1.20,0,00:13:ce:95:e1:6f,-52.89,00:13:ce:8f:77:43,-60.94,00:13:ce:95:de:7e,-67.02,00:13:ce:8f:78:d9,-39.01,00:13:ce:97:78:79,-77.12

1.80,24.43,1.20,0,00:13:ce:95:e1:6f,-51.98,00:13:ce:8f:77:43,-58.82,00:13:ce:95:de:7e,-68.62,00:13:ce:8f:78:d9,-38.68,00:13:ce:97:78:79,-79.56

5.40,19.50,1.20,0,00:13:ce:8f:78:d9,-43.72,00:13:ce:95:e1:6f,-62.57,00:13:ce:95:de:7e,-61.89,00:13:ce:8f:77:43,-75.07,00:13:ce:97:78:79,-74.08

4.20,19.50,1.20,0,00:13:ce:8f:78:d9,-47.15,00:13:ce:95:e1:6f,-57.88,00:13:ce:8f:77:43,-70.94,00:13:ce:95:de:7e,-64.09,00:13:ce:97:78:79,-70.94

3.00,19.50,1.20,0,00:13:ce:8f:78:d9,-45.23,00:13:ce:8f:77:43,-69.01,00:13:ce:95:de:7e,-61.91,00:13:ce:95:e1:6f,-57.98,00:13:ce:97:78:79,-74.69

1.80,19.50,1.20,0,00:13:ce:8f:77:43,-67.66,00:13:ce:8f:78:d9,-42.46,00:13:ce:95:de:7e,-58.74,00:13:ce:95:e1:6f,-53.82,00:13:ce:97:78:79,-76.56

5.40,20.50,1.20,0,00:13:ce:8f:77:43,-75.5,00:13:ce:97:78:79,-76.39,00:13:ce:8f:78:d9,-43.56,00:13:ce:95:e1:6f,-54.89,00:13:ce:95:de:7e,-58.43

4.20,20.50,1.20,0,00:13:ce:95:e1:6f,-58.18,00:13:ce:8f:78:d9,-44.16,00:13:ce:8f:77:43,-74.58,00:13:ce:95:de:7e,-59.32,00:13:ce:97:78:79,-72.26

3.00,20.50,1.20,0,00:13:ce:95:de:7e,-60.84,00:13:ce:97:78:79,-69.38,00:13:ce:8f:77:43,-68.99,00:13:ce:8f:78:d9,-44.87,00:13:ce:95:e1:6f,-57.82

1.80,20.50,1.20,0,00:13:ce:95:de:7e,-61.81,00:13:ce:95:e1:6f,-55.28,00:13:ce:97:78:79,-69.88,00:13:ce:8f:77:43,-66.68,00:13:ce:8f:78:d9,-44.69

5.40,21.50,1.20,0,00:13:ce:8f:77:43,-74.03,00:13:ce:95:e1:6f,-53.31,00:13:ce:95:de:7e,-59.45,00:13:ce:8f:78:d9,-43.87,00:13:ce:97:78:79,-64.53

4.20,21.50,1.20,0,00:13:ce:97:78:79,-68.45,00:13:ce:8f:78:d9,-45.01,00:13:ce:95:e1:6f,-58.85,00:13:ce:8f:77:43,-68.56,00:13:ce:95:de:7e,-63.18

3.00,21.50,1.20,0,00:13:ce:95:e1:6f,-58.26,00:13:ce:8f:77:43,-70.63,00:13:ce:95:de:7e,-60.66,00:13:ce:8f:78:d9,-45.86,00:13:ce:97:78:79,-72.67

1.80,21.50,1.20,0,00:13:ce:8f:77:43,-70.45,00:13:ce:95:de:7e,-61.22,00:13:ce:95:e1:6f,-52.74,00:13:ce:8f:78:d9,-39.51,00:13:ce:97:78:79,-76.69

5.40,15.21,1.20,0,00:13:ce:8f:78:d9,-50.86,00:13:ce:95:e1:6f,-65.2,00:13:ce:8f:77:43,-69.43,00:13:ce:95:de:7e,-52.67,00:13:ce:97:78:79,-71.08

4.20,15.21,1.20,0,00:13:ce:95:de:7e,-54.83,00:13:ce:8f:78:d9,-44.36,00:13:ce:97:78:79,-70.91,00:13:ce:8f:77:43,-68.17,00:13:ce:95:e1:6f,-65.77

3.00,15.21,1.20,0,00:13:ce:8f:77:43,-72.09,00:13:ce:95:de:7e,-58.61,00:13:ce:95:e1:6f,-62.69,00:13:ce:8f:78:d9,-43.87,00:13:ce:97:78:79,-78.26

1.80,15.21,1.20,0,00:13:ce:8f:78:d9,-44.36,00:13:ce:95:e1:6f,-60.59,00:13:ce:8f:77:43,-66.47,00:13:ce:95:de:7e,-57.17,00:13:ce:97:78:79,-74.62

5.40,16.21,1.20,0,00:13:ce:8f:78:d9,-49.21,00:13:ce:95:de:7e,-51.04,00:13:ce:8f:77:43,-71.25,00:13:ce:97:78:79,-71.13,00:13:ce:95:e1:6f,-62.26

4.20,16.21,1.20,0,00:13:ce:97:78:79,-71.91,00:13:ce:95:e1:6f,-63.23,00:13:ce:8f:78:d9,-44.63,00:13:ce:8f:77:43,-65.89,00:13:ce:95:de:7e,-56.19

3.00,16.21,1.20,0,00:13:ce:95:de:7e,-54.55,00:13:ce:8f:78:d9,-42.38,00:13:ce:95:e1:6f,-65.54,00:13:ce:8f:77:43,-64.6,00:13:ce:97:78:79,-73.48

1.80,16.21,1.20,0,00:13:ce:95:e1:6f,-60.1,00:13:ce:95:de:7e,-55.73,00:13:ce:8f:78:d9,-45.13,00:13:ce:8f:77:43,-67.73,00:13:ce:97:78:79,-74.66

5.40,17.21,1.20,0,00:13:ce:8f:78:d9,-45.93,00:13:ce:95:e1:6f,-62.3,00:13:ce:95:de:7e,-50.97,00:13:ce:97:78:79,-79.27,00:13:ce:8f:77:43,-71.29

4.20,17.21,1.20,0,00:13:ce:95:de:7e,-48.85,00:13:ce:8f:77:43,-71.34,00:13:ce:97:78:79,-73.18,00:13:ce:8f:78:d9,-43.39,00:13:ce:95:e1:6f,-62.71

3.00,17.21,1.20,0,00:13:ce:95:e1:6f,-59.8,00:13:ce:8f:77:43,-66.94,00:13:ce:97:78:79,-75.69,00:13:ce:95:de:7e,-56.33,00:13:ce:8f:78:d9,-43.34

1.80,17.21,1.20,0,00:13:ce:8f:77:43,-66.48,00:13:ce:8f:78:d9,-47.24,00:13:ce:95:de:7e,-60.21,00:13:ce:95:e1:6f,-64.02,00:13:ce:97:78:79,-75.06

5.40,11.67,1.20,0,00:13:ce:97:78:79,-77.16,00:13:ce:95:e1:6f,-69.35,00:13:ce:8f:77:43,-66.26,00:13:ce:8f:78:d9,-57.12,00:13:ce:95:de:7e,-50.82

4.20,11.67,1.20,0,00:13:ce:8f:77:43,-62.43,00:13:ce:8f:78:d9,-54.73,00:13:ce:95:de:7e,-54.28,00:13:ce:95:e1:6f,-68.36

3.00,11.67,1.20,0,00:13:ce:8f:78:d9,-57.04,00:13:ce:95:de:7e,-57.24,00:13:ce:8f:77:43,-59.76,00:13:ce:95:e1:6f,-70.76

1.80,11.67,1.20,0,00:13:ce:95:de:7e,-56.5,00:13:ce:8f:77:43,-63.17,00:13:ce:8f:78:d9,-53.24,00:13:ce:95:e1:6f,-68.85

5.40,12.67,1.20,0,00:13:ce:95:e1:6f,-67.65,00:13:ce:8f:78:d9,-53.99,00:13:ce:95:de:7e,-52.95,00:13:ce:8f:77:43,-66.21,00:13:ce:97:78:79,-74.36

4.20,12.67,1.20,0,00:13:ce:8f:78:d9,-54.38,00:13:ce:95:e1:6f,-71.11,00:13:ce:8f:77:43,-62.35,00:13:ce:95:de:7e,-50.47

3.00,12.67,1.20,0,00:13:ce:8f:77:43,-59.83,00:13:ce:8f:78:d9,-55.99,00:13:ce:95:de:7e,-56.21,00:13:ce:97:78:79,-74.59,00:13:ce:95:e1:6f,-74.89

1.80,12.67,1.20,0,00:13:ce:8f:78:d9,-56.81,00:13:ce:95:de:7e,-57.09,00:13:ce:8f:77:43,-62.34,00:13:ce:95:e1:6f,-70.42

5.40,13.67,1.20,0,00:13:ce:8f:77:43,-66.12,00:13:ce:8f:78:d9,-57.17,00:13:ce:95:e1:6f,-66.91,00:13:ce:95:de:7e,-52.79,00:13:ce:97:78:79,-69.01

4.20,13.67,1.20,0,00:13:ce:95:de:7e,-54.08,00:13:ce:8f:78:d9,-55.71,00:13:ce:95:e1:6f,-68.76,00:13:ce:8f:77:43,-65.23,00:13:ce:97:78:79,-76.99

3.00,13.67,1.20,0,00:13:ce:8f:77:43,-58.26,00:13:ce:8f:78:d9,-57.07,00:13:ce:95:de:7e,-53.83,00:13:ce:95:e1:6f,-72.0

1.80,13.67,1.20,0,00:13:ce:8f:77:43,-63.97,00:13:ce:8f:78:d9,-53.8,00:13:ce:95:de:7e,-54.23,00:13:ce:95:e1:6f,-69.78

5.40,7.33,1.20,0,00:13:ce:95:de:7e,-55.6,00:13:ce:8f:77:43,-55.04,00:13:ce:8f:78:d9,-62.57,00:13:ce:95:e1:6f,-74.45

4.20,7.33,1.20,0,00:13:ce:95:de:7e,-55.06,00:13:ce:8f:78:d9,-58.37,00:13:ce:8f:77:43,-55.8,00:13:ce:95:e1:6f,-71.14

3.00,7.33,1.20,0,00:13:ce:8f:78:d9,-56.42,00:13:ce:8f:77:43,-55.46,00:13:ce:95:de:7e,-55.85,00:13:ce:95:e1:6f,-68.98

1.80,7.33,1.20,0,00:13:ce:8f:77:43,-57.59,00:13:ce:8f:78:d9,-58.39,00:13:ce:95:de:7e,-58.18

5.40,8.33,1.20,0,00:13:ce:95:de:7e,-54.26,00:13:ce:8f:77:43,-58.52,00:13:ce:8f:78:d9,-58.6,00:13:ce:95:e1:6f,-74.76

4.20,8.33,1.20,0,00:13:ce:95:e1:6f,-71.02,00:13:ce:95:de:7e,-50.81,00:13:ce:8f:78:d9,-55.83,00:13:ce:8f:77:43,-53.6,00:13:ce:97:78:79,-78.12

3.00,8.33,1.20,0,00:13:ce:8f:77:43,-53.71,00:13:ce:8f:78:d9,-54.53,00:13:ce:95:de:7e,-52.39,00:13:ce:95:e1:6f,-73.78

1.80,8.33,1.20,0,00:13:ce:95:de:7e,-57.16,00:13:ce:8f:78:d9,-60.62,00:13:ce:8f:77:43,-58.56,00:13:ce:95:e1:6f,-74.45

5.40,9.33,1.20,0,00:13:ce:95:e1:6f,-76.77,00:13:ce:8f:78:d9,-59.3,00:13:ce:8f:77:43,-60.51,00:13:ce:95:de:7e,-53.6

4.20,9.33,1.20,0,00:13:ce:8f:78:d9,-62.0,00:13:ce:8f:77:43,-61.26,00:13:ce:95:de:7e,-55.34

3.00,9.33,1.20,0,00:13:ce:8f:78:d9,-57.81,00:13:ce:8f:77:43,-53.34,00:13:ce:95:de:7e,-57.09,00:13:ce:95:e1:6f,-70.37

1.80,9.33,1.20,0,00:13:ce:8f:78:d9,-63.45,00:13:ce:8f:77:43,-59.53,00:13:ce:95:de:7e,-55.81,00:13:ce:95:e1:6f,-74.12

5.40,4.44,1.20,0,00:13:ce:8f:78:d9,-65.09,00:13:ce:8f:77:43,-41.39,00:13:ce:95:e1:6f,-71.57,00:13:ce:95:de:7e,-60.23,00:13:ce:97:78:79,-81.56

4.20,4.44,1.20,0,00:13:ce:8f:77:43,-48.24,00:13:ce:95:de:7e,-60.99,00:13:ce:8f:78:d9,-67.27

3.00,4.44,1.20,0,00:13:ce:8f:77:43,-48.02,00:13:ce:8f:78:d9,-57.97,00:13:ce:95:de:7e,-58.16

1.80,4.44,1.20,0,00:13:ce:8f:77:43,-49.71,00:13:ce:95:de:7e,-61.26,00:13:ce:8f:78:d9,-61.16

5.40,5.44,1.20,0,00:13:ce:8f:77:43,-51.44,00:13:ce:8f:78:d9,-64.03,00:13:ce:95:de:7e,-60.51

4.20,5.44,1.20,0,00:13:ce:8f:77:43,-56.84,00:13:ce:8f:78:d9,-65.37,00:13:ce:95:de:7e,-62.76,00:13:ce:95:e1:6f,-74.0

3.00,5.44,1.20,0,00:13:ce:8f:78:d9,-59.48,00:13:ce:8f:77:43,-53.92,00:13:ce:95:de:7e,-62.34,00:13:ce:95:e1:6f,-75.68

1.80,5.44,1.20,0,00:13:ce:95:de:7e,-62.0,00:13:ce:8f:78:d9,-60.34,00:13:ce:8f:77:43,-53.81,00:13:ce:95:e1:6f,-73.99

5.40,6.44,1.20,0,00:13:ce:8f:77:43,-50.02,00:13:ce:95:de:7e,-57.78,00:13:ce:8f:78:d9,-63.63

4.20,6.44,1.20,0,00:13:ce:95:de:7e,-57.91,00:13:ce:8f:77:43,-50.85,00:13:ce:8f:78:d9,-64.79

3.00,6.44,1.20,0,00:13:ce:8f:78:d9,-59.16,00:13:ce:8f:77:43,-53.3,00:13:ce:95:de:7e,-62.29,00:13:ce:95:e1:6f,-73.0

1.80,6.44,1.20,0,00:13:ce:8f:77:43,-51.77,00:13:ce:8f:78:d9,-58.25,00:13:ce:95:de:7e,-59.33,00:13:ce:95:e1:6f,-74.65

6.00,1.00,1.20,0,00:13:ce:8f:77:43,-57.4,00:13:ce:95:e1:6f,-80.26,00:13:ce:8f:78:d9,-68.86,00:13:ce:95:de:7e,-68.91,00:13:ce:97:78:79,-82.13

6.00,2.00,1.20,0,00:13:ce:8f:78:d9,-69.56,00:13:ce:8f:77:43,-57.9,00:13:ce:95:de:7e,-67.37

6.00,3.00,1.20,0,00:13:ce:8f:77:43,-57.93,00:13:ce:95:de:7e,-71.14,00:13:ce:8f:78:d9,-68.5

7.00,1.00,1.20,0,00:13:ce:95:de:7e,-74.51,00:13:ce:8f:78:d9,-67.68,00:13:ce:8f:77:43,-58.71,00:13:ce:95:e1:6f,-75.0

7.00,2.00,1.20,0,00:13:ce:8f:78:d9,-65.21,00:13:ce:8f:77:43,-59.82,00:13:ce:95:de:7e,-73.8

7.00,3.00,1.20,0,00:13:ce:8f:78:d9,-65.65,00:13:ce:8f:77:43,-63.15,00:13:ce:95:de:7e,-73.0

7.50,4.00,1.20,0,00:13:ce:8f:78:d9,-64.87,00:13:ce:8f:77:43,-61.65,00:13:ce:95:de:7e,-74.25

7.50,5.00,1.20,0,00:13:ce:8f:77:43,-55.02,00:13:ce:8f:78:d9,-67.79,00:13:ce:95:de:7e,-68.56

7.50,6.00,1.20,0,00:13:ce:8f:77:43,-50.69,00:13:ce:95:de:7e,-69.64,00:13:ce:97:78:79,-73.65,00:13:ce:8f:78:d9,-68.03

7.50,7.00,1.20,0,00:13:ce:8f:78:d9,-63.27,00:13:ce:8f:77:43,-53.73,00:13:ce:95:de:7e,-65.82,00:13:ce:97:78:79,-76.75

7.50,8.00,1.20,0,00:13:ce:95:de:7e,-65.57,00:13:ce:97:78:79,-70.2,00:13:ce:8f:78:d9,-62.11,00:13:ce:8f:77:43,-58.13,00:13:ce:95:e1:6f,-74.48

7.50,9.00,1.20,0,00:13:ce:8f:78:d9,-64.23,00:13:ce:8f:77:43,-59.4,00:13:ce:95:de:7e,-67.03,00:13:ce:97:78:79,-70.5

7.50,10.00,1.20,0,00:13:ce:97:78:79,-64.8,00:13:ce:8f:77:43,-57.54,00:13:ce:95:de:7e,-63.45,00:13:ce:95:e1:6f,-75.71,00:13:ce:8f:78:d9,-61.46

7.50,11.00,1.20,0,00:13:ce:8f:78:d9,-59.2,00:13:ce:95:e1:6f,-73.45,00:13:ce:8f:77:43,-57.45,00:13:ce:95:de:7e,-62.4,00:13:ce:97:78:79,-61.68

8.00,12.00,1.20,0,00:13:ce:97:78:79,-63.2,00:13:ce:8f:78:d9,-58.19,00:13:ce:95:e1:6f,-74.99,00:13:ce:95:de:7e,-66.16,00:13:ce:8f:77:43,-62.07

8.00,13.00,1.20,0,00:13:ce:8f:77:43,-60.56,00:13:ce:95:de:7e,-63.13,00:13:ce:95:e1:6f,-69.09,00:13:ce:97:78:79,-64.67,00:13:ce:8f:78:d9,-59.3

8.00,14.00,1.20,0,00:13:ce:97:78:79,-64.52,00:13:ce:95:e1:6f,-73.34,00:13:ce:95:de:7e,-63.89,00:13:ce:8f:78:d9,-60.28,00:13:ce:8f:77:43,-65.18

8.00,15.00,1.20,0,00:13:ce:8f:78:d9,-56.19,00:13:ce:97:78:79,-65.79,00:13:ce:95:de:7e,-65.35,00:13:ce:95:e1:6f,-72.41,00:13:ce:8f:77:43,-64.61

8.00,16.00,1.20,0,00:13:ce:97:78:79,-60.75,00:13:ce:95:de:7e,-65.06,00:13:ce:8f:77:43,-64.46,00:13:ce:8f:78:d9,-57.41,00:13:ce:95:e1:6f,-71.63

8.00,17.00,1.20,0,00:13:ce:8f:78:d9,-57.84,00:13:ce:97:78:79,-69.99,00:13:ce:95:e1:6f,-77.06,00:13:ce:8f:77:43,-65.36,00:13:ce:95:de:7e,-67.05

9.00,12.00,1.20,0,00:13:ce:95:e1:6f,-71.6,00:13:ce:95:de:7e,-66.04,00:13:ce:97:78:79,-58.14,00:13:ce:8f:78:d9,-54.17,00:13:ce:8f:77:43,-65.08

9.00,13.00,1.20,0,00:13:ce:95:de:7e,-61.34,00:13:ce:97:78:79,-58.82,00:13:ce:8f:77:43,-63.87,00:13:ce:8f:78:d9,-56.97,00:13:ce:95:e1:6f,-72.59

9.00,14.00,1.20,0,00:13:ce:97:78:79,-63.7,00:13:ce:95:e1:6f,-69.68,00:13:ce:8f:78:d9,-55.82,00:13:ce:8f:77:43,-62.89,00:13:ce:95:de:7e,-62.76

9.00,15.00,1.20,0,00:13:ce:97:78:79,-61.19,00:13:ce:95:e1:6f,-70.02,00:13:ce:95:de:7e,-65.01,00:13:ce:8f:78:d9,-58.81,00:13:ce:8f:77:43,-66.72

9.00,16.00,1.20,0,00:13:ce:97:78:79,-58.35,00:13:ce:95:e1:6f,-72.32,00:13:ce:95:de:7e,-65.64,00:13:ce:8f:77:43,-66.29,00:13:ce:8f:78:d9,-60.11

9.00,17.00,1.20,0,00:13:ce:97:78:79,-68.87,00:13:ce:95:e1:6f,-68.34,00:13:ce:8f:78:d9,-49.14,00:13:ce:95:de:7e,-66.4,00:13:ce:8f:77:43,-65.58

9.00,18.00,1.20,0,00:13:ce:95:e1:6f,-76.81,00:13:ce:8f:78:d9,-57.5,00:13:ce:95:de:7e,-60.29,00:13:ce:8f:77:43,-60.92,00:13:ce:97:78:79,-68.15

9.00,19.00,1.20,0,00:13:ce:8f:78:d9,-60.87,00:13:ce:8f:77:43,-75.72,00:13:ce:95:de:7e,-68.62,00:13:ce:97:78:79,-71.23,00:13:ce:95:e1:6f,-75.52

7.50,20.00,1.20,0,00:13:ce:8f:77:43,-72.17,00:13:ce:8f:78:d9,-51.06,00:13:ce:95:e1:6f,-64.18,00:13:ce:95:de:7e,-59.6,00:13:ce:97:78:79,-71.3

7.00,21.00,1.20,0,00:13:ce:95:e1:6f,-61.6,00:13:ce:95:de:7e,-61.27,00:13:ce:97:78:79,-63.15,00:13:ce:8f:78:d9,-49.46,00:13:ce:8f:77:43,-74.27

7.50,22.00,1.20,0,00:13:ce:97:78:79,-61.43,00:13:ce:95:e1:6f,-58.68,00:13:ce:8f:78:d9,-48.76,00:13:ce:95:de:7e,-63.14,00:13:ce:8f:77:43,-73.49

8.00,23.00,1.20,0,00:13:ce:97:78:79,-70.3,00:13:ce:8f:78:d9,-47.05,00:13:ce:95:e1:6f,-60.75,00:13:ce:95:de:7e,-59.95,00:13:ce:8f:77:43,-77.49

8.00,24.00,1.20,0,00:13:ce:8f:78:d9,-42.27,00:13:ce:97:78:79,-69.73,00:13:ce:95:e1:6f,-63.13,00:13:ce:95:de:7e,-62.04,00:13:ce:8f:77:43,-76.24

9.00,23.00,1.20,0,00:13:ce:97:78:79,-59.96,00:13:ce:95:e1:6f,-64.49,00:13:ce:8f:78:d9,-46.48,00:13:ce:8f:77:43,-79.2,00:13:ce:95:de:7e,-64.01

9.00,24.00,1.20,0,00:13:ce:95:e1:6f,-67.31,00:13:ce:95:de:7e,-65.33,00:13:ce:8f:78:d9,-51.65,00:13:ce:97:78:79,-67.54,00:13:ce:8f:77:43,-79.99

7.50,25.00,1.20,0,00:13:ce:8f:77:43,-78.11,00:13:ce:97:78:79,-70.05,00:13:ce:8f:78:d9,-41.72,00:13:ce:95:e1:6f,-61.27,00:13:ce:95:de:7e,-64.76

7.50,26.00,1.20,0,00:13:ce:97:78:79,-73.87,00:13:ce:95:de:7e,-71.2,00:13:ce:95:e1:6f,-58.31,00:13:ce:8f:78:d9,-37.24,00:13:ce:8f:77:43,-79.08

7.50,27.00,1.20,0,00:13:ce:8f:78:d9,-36.1,00:13:ce:95:e1:6f,-60.8,00:13:ce:97:78:79,-72.45,00:13:ce:95:de:7e,-69.31,00:13:ce:8f:77:43,-78.73

7.00,28.00,1.20,0,00:13:ce:8f:78:d9,-33.28,00:13:ce:95:e1:6f,-59.06,00:13:ce:95:de:7e,-72.1,00:13:ce:97:78:79,-74.73,00:13:ce:8f:77:43,-83.04

7.50,29.00,1.20,0,00:13:ce:95:e1:6f,-61.25,00:13:ce:8f:78:d9,-39.46,00:13:ce:97:78:79,-75.74,00:13:ce:95:de:7e,-73.62,00:13:ce:8f:77:43,-81.0

7.50,30.00,1.20,0,00:13:ce:97:78:79,-65.59,00:13:ce:8f:78:d9,-38.63,00:13:ce:95:e1:6f,-61.83,00:13:ce:95:de:7e,-80.29,00:13:ce:8f:77:43,-80.03

7.00,14.00,1.20,0,00:13:ce:8f:78:d9,-52.76,00:13:ce:97:78:79,-61.66,00:13:ce:95:e1:6f,-70.06,00:13:ce:95:de:7e,-64.21,00:13:ce:8f:77:43,-68.73

7.00,7.00,1.20,0,00:13:ce:8f:78:d9,-60.43,00:13:ce:8f:77:43,-54.57,00:13:ce:95:de:7e,-59.86,00:13:ce:97:78:79,-69.56,00:13:ce:95:e1:6f,-75.34

5.40,11.67,4.20,0,00:13:ce:95:de:7e,-29.67,00:13:ce:95:e1:6f,-54.08,00:13:ce:8f:78:d9,-69.62,00:13:ce:97:78:79,-77.98,00:13:ce:8f:77:43,-78.53

4.20,11.67,4.20,0,00:13:ce:95:de:7e,-31.06,00:13:ce:95:e1:6f,-53.75,00:13:ce:8f:78:d9,-70.14,00:13:ce:97:78:79,-74.87,00:13:ce:8f:77:43,-79.85

3.00,11.67,4.20,0,00:13:ce:95:e1:6f,-50.01,00:13:ce:95:de:7e,-31.64,00:13:ce:8f:78:d9,-70.01,00:13:ce:97:78:79,-70.94,00:13:ce:8f:77:43,-75.87

1.80,11.67,4.20,0,00:13:ce:95:e1:6f,-50.39,00:13:ce:95:de:7e,-37.88,00:13:ce:97:78:79,-70.46,00:13:ce:8f:78:d9,-70.09,00:13:ce:8f:77:43,-77.98

5.40,12.67,4.20,0,00:13:ce:95:e1:6f,-51.51,00:13:ce:95:de:7e,-31.5,00:13:ce:8f:78:d9,-70.99,00:13:ce:97:78:79,-75.53,00:13:ce:8f:77:43,-80.18

4.20,12.67,4.20,0,00:13:ce:95:e1:6f,-51.03,00:13:ce:95:de:7e,-32.84,00:13:ce:8f:78:d9,-70.03,00:13:ce:97:78:79,-71.77,00:13:ce:8f:77:43,-78.31

3.00,12.67,4.20,0,00:13:ce:95:e1:6f,-48.8,00:13:ce:95:de:7e,-30.63,00:13:ce:8f:78:d9,-69.0,00:13:ce:97:78:79,-69.27,00:13:ce:8f:77:43,-75.83

1.80,12.67,4.20,0,00:13:ce:8f:78:d9,-67.63,00:13:ce:95:e1:6f,-48.99,00:13:ce:95:de:7e,-39.65,00:13:ce:8f:77:43,-81.33,00:13:ce:97:78:79,-73.68

5.40,13.67,4.20,0,00:13:ce:97:78:79,-73.22,00:13:ce:95:e1:6f,-49.75,00:13:ce:95:de:7e,-29.72,00:13:ce:8f:77:43,-67.07,00:13:ce:8f:78:d9,-69.47

4.20,13.67,4.20,0,00:13:ce:95:e1:6f,-54.66,00:13:ce:95:de:7e,-32.22,00:13:ce:97:78:79,-76.03,00:13:ce:8f:77:43,-71.09,00:13:ce:8f:78:d9,-72.95

3.00,13.67,4.20,0,00:13:ce:95:e1:6f,-50.35,00:13:ce:8f:77:43,-69.08,00:13:ce:95:de:7e,-37.85,00:13:ce:8f:78:d9,-70.74,00:13:ce:97:78:79,-74.92

1.80,13.67,4.20,0,00:13:ce:95:e1:6f,-51.91,00:13:ce:95:de:7e,-36.59,00:13:ce:8f:77:43,-68.72,00:13:ce:8f:78:d9,-66.05

5.40,8.09,4.20,0,00:13:ce:95:e1:6f,-54.15,00:13:ce:95:de:7e,-39.49,00:13:ce:8f:78:d9,-70.42,00:13:ce:8f:77:43,-76.73,00:13:ce:97:78:79,-80.13

4.20,8.09,4.20,0,00:13:ce:95:e1:6f,-51.45,00:13:ce:95:de:7e,-34.08,00:13:ce:8f:78:d9,-67.39,00:13:ce:8f:77:43,-75.35,00:13:ce:97:78:79,-79.02

3.00,8.09,4.20,0,00:13:ce:95:e1:6f,-53.49,00:13:ce:95:de:7e,-33.89,00:13:ce:8f:78:d9,-68.89,00:13:ce:8f:77:43,-75.08,00:13:ce:97:78:79,-79.0

1.80,8.09,4.20,0,00:13:ce:95:de:7e,-36.25,00:13:ce:95:e1:6f,-51.19,00:13:ce:97:78:79,-75.02,00:13:ce:8f:78:d9,-70.18,00:13:ce:8f:77:43,-71.9

5.40,9.09,4.20,0,00:13:ce:95:e1:6f,-54.21,00:13:ce:95:de:7e,-37.85,00:13:ce:8f:78:d9,-73.02,00:13:ce:8f:77:43,-77.87,00:13:ce:97:78:79,-77.73

4.20,9.09,4.20,0,00:13:ce:95:de:7e,-33.83,00:13:ce:95:e1:6f,-50.75,00:13:ce:8f:77:43,-74.22,00:13:ce:8f:78:d9,-71.14,00:13:ce:97:78:79,-78.67

3.00,9.09,4.20,0,00:13:ce:95:e1:6f,-51.42,00:13:ce:95:de:7e,-36.43,00:13:ce:8f:78:d9,-69.58,00:13:ce:8f:77:43,-71.89,00:13:ce:97:78:79,-77.88

1.80,9.09,4.20,0,00:13:ce:95:e1:6f,-54.52,00:13:ce:95:de:7e,-37.39,00:13:ce:8f:78:d9,-70.05,00:13:ce:8f:77:43,-77.59,00:13:ce:97:78:79,-79.62

5.40,10.09,4.20,0,00:13:ce:95:e1:6f,-52.09,00:13:ce:95:de:7e,-38.0,00:13:ce:8f:77:43,-76.27,00:13:ce:8f:78:d9,-71.87,00:13:ce:97:78:79,-81.18

4.20,10.09,4.20,0,00:13:ce:95:e1:6f,-51.1,00:13:ce:95:de:7e,-34.96,00:13:ce:8f:78:d9,-68.72,00:13:ce:8f:77:43,-74.52,00:13:ce:97:78:79,-81.46

3.00,10.09,4.20,0,00:13:ce:95:e1:6f,-52.45,00:13:ce:95:de:7e,-36.35,00:13:ce:97:78:79,-77.29,00:13:ce:8f:77:43,-76.9,00:13:ce:8f:78:d9,-70.74

1.80,10.09,4.20,0,00:13:ce:95:e1:6f,-51.81,00:13:ce:95:de:7e,-38.23,00:13:ce:8f:77:43,-77.31,00:13:ce:8f:78:d9,-70.25,00:13:ce:97:78:79,-78.04

6.00,27.00,4.20,0,00:13:ce:95:e1:6f,-38.11,00:13:ce:95:de:7e,-56.02,00:13:ce:8f:78:d9,-58.23,00:13:ce:97:78:79,-82.03

6.00,28.00,4.20,0,00:13:ce:95:e1:6f,-37.77,00:13:ce:8f:78:d9,-58.87,00:13:ce:95:de:7e,-58.93

5.00,26.00,4.20,0,00:13:ce:95:e1:6f,-34.9,00:13:ce:95:de:7e,-56.33,00:13:ce:8f:78:d9,-61.39,00:13:ce:97:78:79,-80.57

5.00,27.00,4.20,0,00:13:ce:8f:78:d9,-60.26,00:13:ce:95:e1:6f,-36.72,00:13:ce:95:de:7e,-55.16

5.00,28.00,4.20,0,00:13:ce:95:de:7e,-54.5,00:13:ce:8f:78:d9,-58.17,00:13:ce:95:e1:6f,-35.44

4.00,26.00,4.20,0,00:13:ce:8f:78:d9,-58.03,00:13:ce:95:e1:6f,-36.05,00:13:ce:95:de:7e,-52.98

4.00,27.00,4.20,0,00:13:ce:95:e1:6f,-37.99,00:13:ce:8f:78:d9,-57.3,00:13:ce:95:de:7e,-55.47

4.00,28.00,4.20,0,00:13:ce:95:e1:6f,-37.86,00:13:ce:8f:78:d9,-56.31,00:13:ce:95:de:7e,-54.67

3.00,26.00,4.20,0,00:13:ce:95:e1:6f,-38.19,00:13:ce:95:de:7e,-55.69,00:13:ce:8f:78:d9,-59.31

3.00,27.00,4.20,0,00:13:ce:95:de:7e,-55.84,00:13:ce:95:e1:6f,-36.95,00:13:ce:8f:78:d9,-57.94

3.00,28.00,4.20,0,00:13:ce:95:de:7e,-57.5,00:13:ce:95:e1:6f,-35.26,00:13:ce:8f:78:d9,-54.49

2.00,26.00,4.20,0,00:13:ce:95:e1:6f,-37.5,00:13:ce:95:de:7e,-53.94,00:13:ce:8f:78:d9,-60.45

2.00,27.00,4.20,0,00:13:ce:95:de:7e,-55.94,00:13:ce:95:e1:6f,-37.05,00:13:ce:8f:78:d9,-58.73

2.00,28.00,4.20,0,00:13:ce:95:e1:6f,-37.05,00:13:ce:8f:78:d9,-59.59,00:13:ce:95:de:7e,-54.14

1.00,26.00,4.20,0,00:13:ce:95:de:7e,-55.24,00:13:ce:8f:78:d9,-58.52,00:13:ce:95:e1:6f,-37.65

1.00,27.00,4.20,0,00:13:ce:8f:78:d9,-61.53,00:13:ce:95:e1:6f,-37.72,00:13:ce:95:de:7e,-56.38

6.00,19.00,4.20,0,00:13:ce:95:de:7e,-53.35,00:13:ce:95:e1:6f,-43.95,00:13:ce:8f:78:d9,-66.67

6.00,20.00,4.20,0,00:13:ce:95:de:7e,-49.93,00:13:ce:95:e1:6f,-45.33,00:13:ce:8f:78:d9,-65.15

6.00,21.00,4.20,0,00:13:ce:8f:78:d9,-62.34,00:13:ce:95:de:7e,-55.43,00:13:ce:95:e1:6f,-41.05

6.00,22.00,4.20,0,00:13:ce:95:de:7e,-50.95,00:13:ce:8f:78:d9,-64.59,00:13:ce:95:e1:6f,-40.32

6.00,23.00,4.20,0,00:13:ce:95:de:7e,-50.72,00:13:ce:95:e1:6f,-39.03,00:13:ce:8f:78:d9,-64.47

6.00,24.00,4.20,0,00:13:ce:95:de:7e,-53.47,00:13:ce:95:e1:6f,-42.82,00:13:ce:8f:78:d9,-65.79

6.00,25.00,4.20,0,00:13:ce:95:e1:6f,-41.78,00:13:ce:95:de:7e,-50.12,00:13:ce:8f:78:d9,-67.79

5.00,19.00,4.20,0,00:13:ce:95:e1:6f,-41.61,00:13:ce:95:de:7e,-50.57,00:13:ce:8f:78:d9,-64.98

5.00,20.00,4.20,0,00:13:ce:8f:78:d9,-68.88,00:13:ce:95:e1:6f,-43.63,00:13:ce:95:de:7e,-53.16

5.00,21.00,4.20,0,00:13:ce:8f:78:d9,-65.29,00:13:ce:95:e1:6f,-42.18,00:13:ce:95:de:7e,-51.36,00:13:ce:97:78:79,-74.81

5.00,22.00,4.20,0,00:13:ce:95:e1:6f,-38.37,00:13:ce:95:de:7e,-53.37,00:13:ce:8f:78:d9,-64.84,00:13:ce:97:78:79,-78.64

5.00,23.00,4.20,0,00:13:ce:95:e1:6f,-40.72,00:13:ce:8f:78:d9,-65.11,00:13:ce:95:de:7e,-50.96

5.00,24.00,4.20,0,00:13:ce:95:de:7e,-51.47,00:13:ce:95:e1:6f,-37.49,00:13:ce:8f:78:d9,-62.64

5.00,25.00,4.20,0,00:13:ce:95:de:7e,-52.81,00:13:ce:95:e1:6f,-39.91,00:13:ce:8f:78:d9,-63.35

4.00,19.00,4.20,0,00:13:ce:95:e1:6f,-42.46,00:13:ce:95:de:7e,-51.18,00:13:ce:8f:78:d9,-65.12

4.00,20.00,4.20,0,00:13:ce:95:e1:6f,-40.42,00:13:ce:95:de:7e,-51.18,00:13:ce:8f:78:d9,-66.59,00:13:ce:97:78:79,-77.89

4.00,21.00,4.20,0,00:13:ce:95:e1:6f,-43.03,00:13:ce:95:de:7e,-53.42,00:13:ce:8f:78:d9,-64.04

4.00,22.00,4.20,0,00:13:ce:8f:78:d9,-61.52,00:13:ce:95:e1:6f,-38.23,00:13:ce:95:de:7e,-49.31

4.00,23.00,4.20,0,00:13:ce:8f:78:d9,-64.27,00:13:ce:95:e1:6f,-40.18,00:13:ce:95:de:7e,-53.0

4.00,24.00,4.20,0,00:13:ce:8f:78:d9,-63.29,00:13:ce:95:e1:6f,-37.7,00:13:ce:95:de:7e,-53.66

4.00,25.00,4.20,0,00:13:ce:8f:78:d9,-61.66,00:13:ce:95:e1:6f,-37.8,00:13:ce:95:de:7e,-54.32

3.00,19.00,4.20,0,00:13:ce:95:e1:6f,-40.62,00:13:ce:95:de:7e,-50.7,00:13:ce:8f:78:d9,-67.71,00:13:ce:97:78:79,-75.33

3.00,25.00,4.20,0,00:13:ce:95:e1:6f,-42.67,00:13:ce:8f:78:d9,-62.43,00:13:ce:95:de:7e,-47.84

2.00,19.00,4.20,0,00:13:ce:95:de:7e,-46.11,00:13:ce:8f:78:d9,-65.6,00:13:ce:95:e1:6f,-43.05

2.00,20.00,4.20,0,00:13:ce:95:e1:6f,-42.91,00:13:ce:95:de:7e,-48.49,00:13:ce:8f:78:d9,-61.44,00:13:ce:97:78:79,-75.47

2.00,21.00,4.20,0,00:13:ce:95:de:7e,-50.28,00:13:ce:95:e1:6f,-44.25,00:13:ce:8f:78:d9,-66.51,00:13:ce:97:78:79,-76.0

2.00,22.00,4.20,0,00:13:ce:95:e1:6f,-42.15,00:13:ce:8f:78:d9,-65.2,00:13:ce:95:de:7e,-50.28

2.00,23.00,4.20,0,00:13:ce:95:de:7e,-54.43,00:13:ce:95:e1:6f,-43.95,00:13:ce:8f:78:d9,-67.97

2.00,24.00,4.20,0,00:13:ce:8f:78:d9,-60.54,00:13:ce:95:e1:6f,-44.61,00:13:ce:95:de:7e,-52.17

2.00,25.00,4.20,0,00:13:ce:95:e1:6f,-45.03,00:13:ce:95:de:7e,-52.92,00:13:ce:8f:78:d9,-62.84

1.00,19.00,4.20,0,00:13:ce:95:de:7e,-45.96,00:13:ce:95:e1:6f,-46.36,00:13:ce:8f:78:d9,-67.43,00:13:ce:97:78:79,-77.85

1.00,20.00,4.20,0,00:13:ce:95:e1:6f,-45.35,00:13:ce:95:de:7e,-47.54,00:13:ce:8f:78:d9,-66.91,00:13:ce:97:78:79,-75.89

1.00,21.00,4.20,0,00:13:ce:8f:78:d9,-62.74,00:13:ce:95:e1:6f,-42.98,00:13:ce:95:de:7e,-51.57

1.00,22.00,4.20,0,00:13:ce:95:de:7e,-52.37,00:13:ce:8f:78:d9,-65.31,00:13:ce:95:e1:6f,-43.04

1.00,23.00,4.20,0,00:13:ce:95:e1:6f,-42.19,00:13:ce:95:de:7e,-49.48,00:13:ce:8f:78:d9,-65.86

1.00,24.00,4.20,0,00:13:ce:95:e1:6f,-43.36,00:13:ce:95:de:7e,-53.25,00:13:ce:8f:78:d9,-64.79

1.00,25.00,4.20,0,00:13:ce:95:e1:6f,-43.91,00:13:ce:95:de:7e,-46.17,00:13:ce:8f:78:d9,-63.67

5.40,15.30,4.20,0,00:13:ce:95:e1:6f,-49.89,00:13:ce:95:de:7e,-39.99

4.20,15.30,4.20,0,00:13:ce:95:de:7e,-42.88,00:13:ce:95:e1:6f,-45.97,00:13:ce:8f:78:d9,-65.74

3.00,15.30,4.20,0,00:13:ce:95:e1:6f,-47.43,00:13:ce:8f:78:d9,-67.32,00:13:ce:95:de:7e,-41.03

1.80,15.30,4.20,0,00:13:ce:95:de:7e,-42.74,00:13:ce:95:e1:6f,-49.51,00:13:ce:8f:78:d9,-72.03

5.40,16.30,4.20,0,00:13:ce:95:e1:6f,-45.91,00:13:ce:95:de:7e,-45.19,00:13:ce:8f:78:d9,-62.63

4.20,16.30,4.20,0,00:13:ce:95:de:7e,-40.84,00:13:ce:95:e1:6f,-45.08,00:13:ce:8f:78:d9,-68.09

3.00,16.30,4.20,0,00:13:ce:95:de:7e,-40.75,00:13:ce:95:e1:6f,-47.1,00:13:ce:8f:78:d9,-68.37

1.80,16.30,4.20,0,00:13:ce:95:de:7e,-45.08,00:13:ce:95:e1:6f,-47.28,00:13:ce:8f:78:d9,-68.65

5.40,17.30,4.20,0,00:13:ce:95:e1:6f,-43.23,00:13:ce:95:de:7e,-43.11,00:13:ce:8f:78:d9,-69.71

4.20,17.30,4.20,0,00:13:ce:95:de:7e,-41.0,00:13:ce:95:e1:6f,-46.98,00:13:ce:8f:78:d9,-67.07

3.00,17.30,4.20,0,00:13:ce:95:e1:6f,-49.37,00:13:ce:95:de:7e,-39.44,00:13:ce:8f:78:d9,-69.25

1.80,17.30,4.20,0,00:13:ce:95:de:7e,-40.95,00:13:ce:95:e1:6f,-44.31,00:13:ce:8f:78:d9,-67.74

5.40,4.48,4.20,0,00:13:ce:95:e1:6f,-58.03,00:13:ce:8f:77:43,-74.65,00:13:ce:95:de:7e,-44.01,00:13:ce:8f:78:d9,-67.91,00:13:ce:97:78:79,-80.42

4.20,4.48,4.20,0,00:13:ce:95:e1:6f,-57.95,00:13:ce:95:de:7e,-45.29,00:13:ce:8f:78:d9,-64.93,00:13:ce:8f:77:43,-73.91,00:13:ce:97:78:79,-80.99

3.00,4.48,4.20,0,00:13:ce:95:de:7e,-40.27,00:13:ce:95:e1:6f,-58.18,00:13:ce:8f:78:d9,-66.05,00:13:ce:8f:77:43,-78.0,00:13:ce:97:78:79,-79.28

1.80,4.48,4.20,0,00:13:ce:95:e1:6f,-55.53,00:13:ce:95:de:7e,-40.35,00:13:ce:8f:77:43,-74.7,00:13:ce:8f:78:d9,-68.11,00:13:ce:97:78:79,-82.0

5.40,5.48,4.20,0,00:13:ce:95:de:7e,-45.35,00:13:ce:95:e1:6f,-58.71,00:13:ce:8f:78:d9,-67.95,00:13:ce:8f:77:43,-75.81,00:13:ce:97:78:79,-80.39

4.20,5.48,4.20,0,00:13:ce:95:e1:6f,-60.05,00:13:ce:95:de:7e,-42.8,00:13:ce:8f:77:43,-74.22,00:13:ce:8f:78:d9,-69.31,00:13:ce:97:78:79,-80.76

3.00,5.48,4.20,0,00:13:ce:95:de:7e,-41.55,00:13:ce:95:e1:6f,-55.22,00:13:ce:8f:78:d9,-64.74,00:13:ce:8f:77:43,-72.92,00:13:ce:97:78:79,-81.31

1.80,5.48,4.20,0,00:13:ce:95:de:7e,-41.11,00:13:ce:95:e1:6f,-56.79,00:13:ce:8f:78:d9,-67.63,00:13:ce:8f:77:43,-74.93,00:13:ce:97:78:79,-81.59

5.40,6.48,4.20,0,00:13:ce:95:e1:6f,-56.34,00:13:ce:95:de:7e,-43.5,00:13:ce:8f:78:d9,-71.88,00:13:ce:8f:77:43,-71.52,00:13:ce:97:78:79,-79.07

4.20,6.48,4.20,0,00:13:ce:95:e1:6f,-61.48,00:13:ce:95:de:7e,-43.17,00:13:ce:8f:78:d9,-72.16,00:13:ce:8f:77:43,-73.32,00:13:ce:97:78:79,-77.97

3.00,6.48,4.20,0,00:13:ce:95:e1:6f,-56.54,00:13:ce:95:de:7e,-39.52,00:13:ce:8f:77:43,-69.98,00:13:ce:8f:78:d9,-69.23,00:13:ce:97:78:79,-79.02

1.80,6.48,4.20,0,00:13:ce:95:de:7e,-40.41,00:13:ce:95:e1:6f,-55.72,00:13:ce:8f:77:43,-69.32,00:13:ce:8f:78:d9,-67.96,00:13:ce:97:78:79,-80.15

7.00,1.00,4.20,0,00:13:ce:95:de:7e,-58.72,00:13:ce:95:e1:6f,-62.2,00:13:ce:8f:77:43,-65.69

7.00,2.00,4.20,0,00:13:ce:95:e1:6f,-63.4,00:13:ce:95:de:7e,-58.83,00:13:ce:8f:77:43,-66.46

7.00,3.00,4.20,0,00:13:ce:95:de:7e,-57.41,00:13:ce:95:e1:6f,-64.48,00:13:ce:8f:77:43,-66.64,00:13:ce:8f:78:d9,-75.02

7.50,4.00,4.20,0,00:13:ce:95:de:7e,-56.54,00:13:ce:8f:77:43,-64.43,00:13:ce:95:e1:6f,-64.38

7.50,5.00,4.20,0,00:13:ce:95:de:7e,-53.93,00:13:ce:8f:77:43,-62.61,00:13:ce:95:e1:6f,-63.65,00:13:ce:8f:78:d9,-73.0

7.50,6.00,4.20,0,00:13:ce:95:e1:6f,-60.89,00:13:ce:95:de:7e,-52.2,00:13:ce:8f:77:43,-59.06,00:13:ce:8f:78:d9,-71.31

7.50,7.00,4.20,0,00:13:ce:95:de:7e,-52.35,00:13:ce:8f:77:43,-59.83,00:13:ce:95:e1:6f,-63.58,00:13:ce:8f:78:d9,-71.39

7.50,8.00,4.20,0,00:13:ce:8f:77:43,-60.47,00:13:ce:8f:78:d9,-69.44,00:13:ce:95:de:7e,-49.51,00:13:ce:95:e1:6f,-61.16,00:13:ce:97:78:79,-75.99

7.50,9.00,4.20,0,00:13:ce:95:e1:6f,-60.18,00:13:ce:8f:77:43,-63.22,00:13:ce:95:de:7e,-47.88,00:13:ce:97:78:79,-78.0,00:13:ce:8f:78:d9,-74.0

7.50,10.00,4.20,0,00:13:ce:95:de:7e,-54.27,00:13:ce:8f:77:43,-67.05,00:13:ce:95:e1:6f,-59.5,00:13:ce:8f:78:d9,-71.42

7.50,11.00,4.20,0,00:13:ce:97:78:79,-69.94,00:13:ce:95:e1:6f,-60.49,00:13:ce:95:de:7e,-51.1,00:13:ce:8f:78:d9,-72.41,00:13:ce:8f:77:43,-65.18

8.00,12.00,4.20,0,00:13:ce:95:e1:6f,-58.25,00:13:ce:95:de:7e,-53.52,00:13:ce:8f:77:43,-70.91,00:13:ce:97:78:79,-66.55

8.00,13.00,4.20,0,00:13:ce:97:78:79,-72.4,00:13:ce:95:de:7e,-53.54,00:13:ce:95:e1:6f,-57.69,00:13:ce:8f:78:d9,-73.6,00:13:ce:8f:77:43,-70.32

8.00,14.00,4.20,0,00:13:ce:8f:78:d9,-73.69,00:13:ce:95:e1:6f,-58.74,00:13:ce:95:de:7e,-49.39,00:13:ce:8f:77:43,-72.57,00:13:ce:97:78:79,-72.82

8.00,15.00,4.20,0,00:13:ce:97:78:79,-69.8,00:13:ce:95:de:7e,-51.32,00:13:ce:95:e1:6f,-57.66,00:13:ce:8f:78:d9,-69.44,00:13:ce:8f:77:43,-69.19

8.00,16.00,4.20,0,00:13:ce:95:e1:6f,-55.42,00:13:ce:95:de:7e,-52.0,00:13:ce:8f:77:43,-71.04,00:13:ce:8f:78:d9,-66.69,00:13:ce:97:78:79,-73.71

9.00,12.00,4.20,0,00:13:ce:97:78:79,-74.66,00:13:ce:95:de:7e,-53.55,00:13:ce:95:e1:6f,-57.51,00:13:ce:8f:78:d9,-69.67,00:13:ce:8f:77:43,-74.16

9.00,13.00,4.20,0,00:13:ce:95:e1:6f,-58.32,00:13:ce:95:de:7e,-54.08,00:13:ce:8f:77:43,-72.24,00:13:ce:97:78:79,-68.4,00:13:ce:8f:78:d9,-69.93

9.00,14.00,4.20,0,00:13:ce:95:de:7e,-54.3,00:13:ce:95:e1:6f,-54.72,00:13:ce:8f:77:43,-74.51,00:13:ce:97:78:79,-68.07,00:13:ce:8f:78:d9,-67.39

9.00,15.00,4.20,0,00:13:ce:97:78:79,-68.73,00:13:ce:95:de:7e,-55.17,00:13:ce:95:e1:6f,-57.88,00:13:ce:8f:77:43,-73.89,00:13:ce:8f:78:d9,-70.01

9.00,16.00,4.20,0,00:13:ce:95:e1:6f,-56.78,00:13:ce:95:de:7e,-50.6,00:13:ce:8f:77:43,-76.3,00:13:ce:97:78:79,-74.39,00:13:ce:8f:78:d9,-70.99

7.50,17.00,4.20,0,00:13:ce:95:de:7e,-50.93,00:13:ce:95:e1:6f,-54.79,00:13:ce:8f:78:d9,-71.43,00:13:ce:8f:77:43,-73.28,00:13:ce:97:78:79,-76.22

7.50,18.00,4.20,0,00:13:ce:95:de:7e,-55.55,00:13:ce:95:e1:6f,-51.66,00:13:ce:97:78:79,-77.84,00:13:ce:8f:78:d9,-72.94,00:13:ce:8f:77:43,-75.1

7.50,19.00,4.20,0,00:13:ce:95:de:7e,-57.16,00:13:ce:95:e1:6f,-51.57,00:13:ce:97:78:79,-73.36,00:13:ce:8f:78:d9,-70.51,00:13:ce:8f:77:43,-70.86

7.50,20.00,4.20,0,00:13:ce:97:78:79,-72.45,00:13:ce:8f:78:d9,-66.1,00:13:ce:95:e1:6f,-49.69,00:13:ce:95:de:7e,-53.81,00:13:ce:8f:77:43,-70.85

7.50,21.00,4.20,0,00:13:ce:97:78:79,-72.26,00:13:ce:95:e1:6f,-50.08,00:13:ce:95:de:7e,-61.44,00:13:ce:8f:78:d9,-70.61

7.50,22.00,4.20,0,00:13:ce:95:de:7e,-58.91,00:13:ce:95:e1:6f,-53.01,00:13:ce:97:78:79,-71.23,00:13:ce:8f:78:d9,-70.36,00:13:ce:8f:77:43,-77.51

8.00,23.00,4.20,0,00:13:ce:97:78:79,-70.87,00:13:ce:95:de:7e,-59.34,00:13:ce:95:e1:6f,-49.5,00:13:ce:8f:78:d9,-72.89

8.00,24.00,4.20,0,00:13:ce:97:78:79,-61.83,00:13:ce:95:e1:6f,-46.49,00:13:ce:95:de:7e,-55.82,00:13:ce:8f:78:d9,-70.32,00:13:ce:8f:77:43,-75.29

9.00,23.00,4.20,0,00:13:ce:8f:78:d9,-70.09,00:13:ce:95:e1:6f,-46.73,00:13:ce:97:78:79,-65.27,00:13:ce:95:de:7e,-58.81,00:13:ce:8f:77:43,-77.29

9.00,24.00,4.20,0,00:13:ce:95:e1:6f,-48.62,00:13:ce:8f:78:d9,-70.45,00:13:ce:95:de:7e,-57.22,00:13:ce:97:78:79,-64.19,00:13:ce:8f:77:43,-77.92

7.50,25.00,4.20,0,00:13:ce:97:78:79,-69.02,00:13:ce:95:e1:6f,-43.33,00:13:ce:8f:78:d9,-64.74,00:13:ce:95:de:7e,-57.99

7.50,26.00,4.20,0,00:13:ce:97:78:79,-70.03,00:13:ce:8f:78:d9,-66.5,00:13:ce:95:e1:6f,-40.41,00:13:ce:95:de:7e,-59.26

7.50,27.00,4.20,0,00:13:ce:97:78:79,-69.89,00:13:ce:8f:78:d9,-65.21,00:13:ce:95:e1:6f,-39.58,00:13:ce:95:de:7e,-62.62

7.50,28.00,4.20,0,00:13:ce:8f:78:d9,-64.88,00:13:ce:95:e1:6f,-43.23,00:13:ce:95:de:7e,-58.94,00:13:ce:97:78:79,-65.97

7.50,29.00,4.20,0,00:13:ce:97:78:79,-66.86,00:13:ce:95:de:7e,-60.1,00:13:ce:95:e1:6f,-39.95,00:13:ce:8f:78:d9,-66.79

